,start_time,end_time,P_total
88,2022-08-15 07:24:00,2022-08-15 12:22:00,126.074
447,2024-09-01 09:28:00,2024-09-01 13:38:00,80.575
145,2022-10-18 18:44:00,2022-10-18 20:41:00,71.513
228,2023-06-29 08:20:00,2023-06-29 10:10:00,68.763
712,2025-11-08 08:42:00,2025-11-08 11:26:00,63.808
192,2023-04-15 13:18:00,2023-04-15 14:38:00,62.223
539,2025-02-11 17:44:00,2025-02-11 19:25:00,55.666
318,2023-10-02 01:48:00,2023-10-02 08:02:00,51.75
731,2026-01-06 07:51:00,2026-01-06 09:27:00,50.952
281,2023-08-29 12:28:00,2023-08-29 15:52:00,49.603
709,2025-11-04 14:23:00,2025-11-04 18:23:00,49.247
221,2023-06-22 14:20:00,2023-06-22 16:00:00,47.022
487,2024-10-09 07:03:00,2024-10-09 07:38:00,45.95
338,2023-10-23 08:09:00,2023-10-23 11:01:00,44.593
225,2023-06-27 07:41:00,2023-06-27 08:31:00,44.472
171,2022-11-22 05:30:00,2022-11-22 10:55:00,44.373
304,2023-09-19 09:48:00,2023-09-19 11:18:00,43.828
533,2024-12-27 07:47:00,2024-12-27 11:35:00,43.151
336,2023-10-22 07:48:00,2023-10-22 09:53:00,42.875
273,2023-08-17 08:19:00,2023-08-17 09:49:00,42.416
641,2025-09-02 12:27:00,2025-09-02 16:44:00,42.047
505,2024-10-27 00:26:00,2024-10-27 03:08:00,41.649
582,2025-06-10 09:46:00,2025-06-10 14:04:00,39.788
343,2023-10-29 06:11:00,2023-10-29 08:45:00,39.649
541,2025-02-12 19:05:00,2025-02-12 22:03:00,38.873
57,2022-07-07 09:14:00,2022-07-07 11:42:00,38.512
508,2024-10-27 19:01:00,2024-10-27 22:01:00,37.976
625,2025-08-20 18:47:00,2025-08-20 22:59:00,37.768
126,2022-09-25 10:46:00,2022-09-25 14:41:00,37.51
501,2024-10-20 11:49:00,2024-10-20 16:22:00,37.365
623,2025-08-20 10:05:00,2025-08-20 12:18:00,37.251
681,2025-10-08 09:08:00,2025-10-08 13:21:00,36.831
299,2023-09-14 09:12:00,2023-09-14 12:39:00,36.79
429,2024-08-09 09:14:00,2024-08-09 11:04:00,36.523
78,2022-08-01 06:32:00,2022-08-01 07:31:00,36.49
99,2022-08-30 07:54:00,2022-08-30 08:50:00,35.956
235,2023-07-01 12:22:00,2023-07-01 14:35:00,35.826
323,2023-10-05 10:17:00,2023-10-05 13:38:00,35.484
766,2026-06-02 08:11:00,2026-06-02 09:19:00,35.022
310,2023-09-24 11:52:00,2023-09-24 14:41:00,34.775
693,2025-10-21 13:22:00,2025-10-21 15:37:00,34.304
170,2022-11-18 14:40:00,2022-11-18 17:14:00,34.284
491,2024-10-13 08:10:00,2024-10-13 09:04:00,32.832
236,2023-07-02 07:03:00,2023-07-02 09:28:00,32.319
76,2022-07-23 08:24:00,2022-07-23 09:41:00,32.3
727,2025-12-24 08:15:00,2025-12-24 09:50:00,31.725
518,2024-11-13 02:54:00,2024-11-13 04:29:00,31.695
386,2024-06-20 12:40:00,2024-06-20 17:09:00,31.303
687,2025-10-14 10:08:00,2025-10-14 11:59:00,31.291
326,2023-10-10 03:36:00,2023-10-10 04:19:00,31.146
253,2023-07-20 17:27:00,2023-07-20 20:13:00,30.443
153,2022-10-24 14:08:00,2022-10-24 16:08:00,29.819
658,2025-09-18 10:23:00,2025-09-18 13:54:00,29.518
315,2023-10-01 06:05:00,2023-10-01 07:05:00,29.236
488,2024-10-10 08:41:00,2024-10-10 10:12:00,28.493
266,2023-07-28 14:29:00,2023-07-28 15:45:00,28.153
442,2024-08-30 11:39:00,2024-08-30 14:26:00,27.913
595,2025-06-26 07:55:00,2025-06-26 11:40:00,27.897
679,2025-10-03 05:30:00,2025-10-03 06:21:00,27.544
302,2023-09-17 08:57:00,2023-09-17 13:00:00,27.471
81,2022-08-04 13:02:00,2022-08-04 15:11:00,27.327
324,2023-10-06 08:41:00,2023-10-06 13:17:00,26.306
680,2025-10-06 12:28:00,2025-10-06 14:04:00,26.282
617,2025-08-14 06:19:00,2025-08-14 07:34:00,25.984
380,2024-06-14 07:36:00,2024-06-14 09:38:00,25.075
134,2022-09-29 09:20:00,2022-09-29 10:54:00,25.023
570,2025-05-29 10:22:00,2025-05-29 15:44:00,24.883
294,2023-09-08 09:42:00,2023-09-08 12:31:00,24.656
75,2022-07-21 04:17:00,2022-07-21 06:00:00,24.166
365,2024-05-16 06:36:00,2024-05-16 07:51:00,24.15
148,2022-10-19 12:36:00,2022-10-19 16:20:00,23.936
445,2024-08-31 09:26:00,2024-08-31 11:02:00,23.53
462,2024-09-18 01:46:00,2024-09-18 06:11:00,23.438
382,2024-06-15 18:11:00,2024-06-15 21:01:00,23.258
485,2024-10-08 07:15:00,2024-10-08 09:12:00,22.793
374,2024-05-31 07:00:00,2024-05-31 07:43:00,21.947
700,2025-10-25 17:49:00,2025-10-25 18:24:00,21.848
369,2024-05-21 09:31:00,2024-05-21 10:14:00,21.715
648,2025-09-08 05:00:00,2025-09-08 12:00:00,20.618
368,2024-05-20 14:38:00,2024-05-20 19:55:00,20.548
352,2023-11-23 07:53:00,2023-11-23 09:33:00,20.52
74,2022-07-20 03:50:00,2022-07-20 08:50:00,20.43
436,2024-08-24 11:31:00,2024-08-24 12:01:00,20.277
385,2024-06-19 08:39:00,2024-06-19 10:00:00,20.082
588,2025-06-19 09:13:00,2025-06-19 10:19:00,20.026
314,2023-09-29 19:25:00,2023-09-29 23:48:00,19.608
773,2026-06-11 10:42:00,2026-06-11 12:11:00,19.483
635,2025-08-29 10:28:00,2025-08-29 13:06:00,19.399
237,2023-07-05 09:05:00,2023-07-05 11:31:00,19.275
303,2023-09-18 16:40:00,2023-09-18 17:49:00,18.664
96,2022-08-27 11:16:00,2022-08-27 12:25:00,18.639
548,2025-04-23 09:36:00,2025-04-23 10:31:00,18.514
569,2025-05-28 17:23:00,2025-05-28 22:00:00,18.21
426,2024-08-04 05:02:00,2024-08-04 07:10:00,18.17
424,2024-08-03 05:14:00,2024-08-03 05:55:00,18.089
466,2024-09-21 03:25:00,2024-09-21 07:25:00,18.067
719,2025-11-18 08:23:00,2025-11-18 09:21:00,18.063
361,2024-05-07 05:10:00,2024-05-07 06:24:00,17.716
425,2024-08-03 09:45:00,2024-08-03 10:29:00,17.647
243,2023-07-13 13:17:00,2023-07-13 16:38:00,17.53
83,2022-08-06 00:11:00,2022-08-06 01:36:00,17.15
460,2024-09-17 07:50:00,2024-09-17 08:25:00,17.016
358,2023-12-31 10:11:00,2023-12-31 10:59:00,17.009
372,2024-05-27 11:05:00,2024-05-27 12:00:00,16.98
271,2023-08-16 07:46:00,2023-08-16 08:22:00,16.841
121,2022-09-19 12:10:00,2022-09-19 14:29:00,16.626
519,2024-11-15 05:53:00,2024-11-15 06:17:00,16.449
584,2025-06-16 07:18:00,2025-06-16 08:12:00,16.424
342,2023-10-28 06:53:00,2023-10-28 07:17:00,16.309
516,2024-11-10 10:18:00,2024-11-10 12:20:00,16.256
418,2024-07-29 14:38:00,2024-07-29 15:03:00,16.199
464,2024-09-20 05:51:00,2024-09-20 09:13:00,16.055
327,2023-10-12 09:02:00,2023-10-12 09:45:00,15.831
364,2024-05-15 09:27:00,2024-05-15 11:29:00,15.699
721,2025-12-03 07:07:00,2025-12-03 07:59:00,15.526
181,2023-01-02 10:02:00,2023-01-02 10:32:00,15.424
432,2024-08-13 13:18:00,2024-08-13 13:51:00,15.292
600,2025-07-06 08:31:00,2025-07-06 09:53:00,15.257
47,2022-06-22 07:24:00,2022-06-22 10:22:00,15.239
313,2023-09-28 11:32:00,2023-09-28 12:37:00,15.231
139,2022-10-08 04:23:00,2022-10-08 08:58:00,15.223
745,2026-03-16 09:07:00,2026-03-16 10:03:00,14.957
52,2022-06-30 08:01:00,2022-06-30 08:47:00,14.879
199,2023-05-21 04:54:00,2023-05-21 05:54:00,14.811
42,2022-06-19 08:12:00,2022-06-19 08:56:00,14.761
694,2025-10-22 05:01:00,2025-10-22 06:25:00,14.567
101,2022-08-31 09:03:00,2022-08-31 09:48:00,14.331
591,2025-06-20 05:29:00,2025-06-20 06:13:00,14.319
602,2025-07-12 08:34:00,2025-07-12 09:13:00,14.099
151,2022-10-23 10:59:00,2022-10-23 11:57:00,14.095
682,2025-10-09 06:57:00,2025-10-09 07:27:00,13.789
419,2024-07-31 11:02:00,2024-07-31 12:33:00,13.649
79,2022-08-02 10:18:00,2022-08-02 12:14:00,13.576
116,2022-09-16 10:07:00,2022-09-16 10:56:00,13.523
692,2025-10-20 12:02:00,2025-10-20 12:59:00,13.51
703,2025-10-28 05:18:00,2025-10-28 08:13:00,13.445
227,2023-06-28 07:39:00,2023-06-28 10:03:00,13.267
207,2023-05-27 06:12:00,2023-05-27 08:47:00,13.24
652,2025-09-11 08:42:00,2025-09-11 12:09:00,13.093
95,2022-08-26 05:57:00,2022-08-26 08:32:00,12.786
97,2022-08-28 08:20:00,2022-08-28 09:40:00,12.728
450,2024-09-04 08:05:00,2024-09-04 08:45:00,12.637
197,2023-05-16 07:10:00,2023-05-16 11:08:00,12.276
224,2023-06-25 04:25:00,2023-06-25 04:53:00,12.217
387,2024-06-21 10:13:00,2024-06-21 11:31:00,12.05
612,2025-08-05 11:23:00,2025-08-05 12:08:00,12.025
160,2022-11-03 11:36:00,2022-11-03 13:25:00,11.829
608,2025-07-21 11:50:00,2025-07-21 13:24:00,11.797
743,2026-03-13 09:49:00,2026-03-13 10:37:00,11.778
48,2022-06-23 07:52:00,2022-06-23 10:03:00,11.686
448,2024-09-02 04:32:00,2024-09-02 05:53:00,11.678
431,2024-08-12 08:45:00,2024-08-12 10:00:00,11.655
278,2023-08-22 09:40:00,2023-08-22 10:07:00,11.604
586,2025-06-16 15:12:00,2025-06-16 16:46:00,11.558
210,2023-06-05 07:31:00,2023-06-05 09:15:00,11.413
132,2022-09-28 17:00:00,2022-09-28 18:57:00,11.375
125,2022-09-25 08:23:00,2022-09-25 09:37:00,11.34
532,2024-12-13 10:57:00,2024-12-13 13:23:00,11.26
695,2025-10-22 14:56:00,2025-10-22 15:06:00,11.167
124,2022-09-23 10:15:00,2022-09-23 12:04:00,11.156
113,2022-09-13 12:27:00,2022-09-13 13:03:00,11.156
195,2023-05-05 07:44:00,2023-05-05 08:40:00,11.127
579,2025-06-07 06:30:00,2025-06-07 08:13:00,11.125
484,2024-10-07 11:11:00,2024-10-07 16:31:00,10.866
701,2025-10-26 13:16:00,2025-10-26 15:32:00,10.565
422,2024-08-02 11:35:00,2024-08-02 12:11:00,10.554
632,2025-08-26 00:13:00,2025-08-26 02:46:00,10.553
494,2024-10-15 04:28:00,2024-10-15 05:49:00,10.537
183,2023-01-09 08:44:00,2023-01-09 09:40:00,10.473
669,2025-09-28 05:38:00,2025-09-28 07:05:00,10.444
201,2023-05-22 07:44:00,2023-05-22 08:50:00,10.27
341,2023-10-27 14:57:00,2023-10-27 15:55:00,10.26
140,2022-10-10 12:50:00,2022-10-10 14:16:00,10.247
513,2024-11-06 05:24:00,2024-11-06 06:34:00,10.111
247,2023-07-16 11:05:00,2023-07-16 13:23:00,10.059
383,2024-06-17 10:40:00,2024-06-17 11:01:00,10.037
530,2024-12-12 08:53:00,2024-12-12 09:16:00,9.926
458,2024-09-13 10:31:00,2024-09-13 15:20:00,9.881
272,2023-08-17 04:08:00,2023-08-17 05:40:00,9.857
622,2025-08-17 13:40:00,2025-08-17 15:21:00,9.852
347,2023-11-05 09:14:00,2023-11-05 09:41:00,9.815
724,2025-12-10 09:52:00,2025-12-10 11:17:00,9.794
581,2025-06-10 00:50:00,2025-06-10 01:07:00,9.736
650,2025-09-09 09:37:00,2025-09-09 10:33:00,9.683
555,2025-05-09 11:39:00,2025-05-09 12:03:00,9.669
716,2025-11-12 00:00:00,2025-11-12 02:10:00,9.253
103,2022-09-02 11:14:00,2022-09-02 12:29:00,9.196
196,2023-05-08 09:14:00,2023-05-08 10:51:00,9.002
520,2024-11-20 12:17:00,2024-11-20 12:36:00,8.979
244,2023-07-14 12:21:00,2023-07-14 15:11:00,8.951
146,2022-10-19 01:25:00,2022-10-19 03:28:00,8.898
607,2025-07-20 04:25:00,2025-07-20 06:25:00,8.883
668,2025-09-27 07:27:00,2025-09-27 08:50:00,8.812
393,2024-06-27 11:55:00,2024-06-27 13:33:00,8.679
178,2022-12-07 08:27:00,2022-12-07 11:08:00,8.671
493,2024-10-14 06:35:00,2024-10-14 07:58:00,8.637
575,2025-06-03 01:42:00,2025-06-03 02:10:00,8.599
649,2025-09-09 06:08:00,2025-09-09 07:30:00,8.564
763,2026-05-30 11:17:00,2026-05-30 12:01:00,8.551
370,2024-05-22 05:39:00,2024-05-22 06:50:00,8.529
44,2022-06-20 08:20:00,2022-06-20 09:30:00,8.492
662,2025-09-23 12:27:00,2025-09-23 15:17:00,8.385
138,2022-10-07 07:11:00,2022-10-07 07:42:00,8.293
167,2022-11-14 08:29:00,2022-11-14 08:49:00,8.292
707,2025-11-01 10:24:00,2025-11-01 13:07:00,8.254
554,2025-05-07 10:24:00,2025-05-07 11:41:00,8.094
396,2024-07-03 11:12:00,2024-07-03 15:44:00,8.001
62,2022-07-09 16:33:00,2022-07-09 17:36:00,7.985
165,2022-11-12 07:14:00,2022-11-12 09:53:00,7.927
305,2023-09-22 06:00:00,2023-09-22 07:22:00,7.912
411,2024-07-19 12:26:00,2024-07-19 14:45:00,7.852
413,2024-07-25 04:34:00,2024-07-25 04:50:00,7.847
699,2025-10-25 09:04:00,2025-10-25 09:36:00,7.836
449,2024-09-04 02:39:00,2024-09-04 03:30:00,7.822
150,2022-10-23 07:29:00,2022-10-23 07:52:00,7.793
122,2022-09-20 12:07:00,2022-09-20 12:49:00,7.686
559,2025-05-12 07:03:00,2025-05-12 07:31:00,7.637
476,2024-10-01 10:24:00,2024-10-01 10:47:00,7.615
367,2024-05-20 09:54:00,2024-05-20 10:46:00,7.601
309,2023-09-24 08:43:00,2023-09-24 08:52:00,7.581
46,2022-06-21 11:47:00,2022-06-21 14:03:00,7.576
568,2025-05-25 15:09:00,2025-05-25 15:39:00,7.558
230,2023-06-30 07:47:00,2023-06-30 09:46:00,7.554
85,2022-08-08 04:46:00,2022-08-08 06:07:00,7.455
325,2023-10-07 11:58:00,2023-10-07 13:42:00,7.453
556,2025-05-10 00:00:00,2025-05-10 00:46:00,7.407
538,2025-02-11 12:22:00,2025-02-11 12:53:00,7.392
332,2023-10-15 13:40:00,2023-10-15 13:59:00,7.324
391,2024-06-24 02:24:00,2024-06-24 02:50:00,7.294
696,2025-10-22 17:13:00,2025-10-22 18:05:00,7.284
60,2022-07-09 09:58:00,2022-07-09 10:28:00,7.179
293,2023-09-08 07:05:00,2023-09-08 08:09:00,7.093
534,2024-12-28 09:54:00,2024-12-28 10:09:00,7.05
566,2025-05-24 05:01:00,2025-05-24 05:57:00,7.014
697,2025-10-24 07:44:00,2025-10-24 08:53:00,7.014
457,2024-09-13 07:15:00,2024-09-13 07:29:00,6.936
713,2025-11-09 08:44:00,2025-11-09 09:03:00,6.881
535,2025-01-01 18:28:00,2025-01-01 18:50:00,6.738
395,2024-07-03 09:16:00,2024-07-03 10:05:00,6.726
345,2023-11-02 11:52:00,2023-11-02 12:35:00,6.701
437,2024-08-25 05:52:00,2024-08-25 06:22:00,6.674
473,2024-09-24 06:04:00,2024-09-24 07:34:00,6.644
676,2025-10-01 05:38:00,2025-10-01 06:17:00,6.614
209,2023-06-04 10:52:00,2023-06-04 13:56:00,6.606
631,2025-08-25 18:52:00,2025-08-25 19:38:00,6.371
708,2025-11-03 02:22:00,2025-11-03 04:20:00,6.366
217,2023-06-13 11:17:00,2023-06-13 11:36:00,6.365
500,2024-10-20 04:46:00,2024-10-20 05:07:00,6.334
186,2023-01-24 11:53:00,2023-01-24 12:56:00,6.272
158,2022-11-01 18:15:00,2022-11-01 18:40:00,6.261
87,2022-08-12 09:42:00,2022-08-12 11:02:00,6.205
184,2023-01-09 19:53:00,2023-01-09 21:37:00,6.173
550,2025-04-25 11:32:00,2025-04-25 12:12:00,6.131
706,2025-11-01 03:45:00,2025-11-01 04:11:00,6.106
311,2023-09-26 04:25:00,2023-09-26 04:51:00,6.063
434,2024-08-20 10:06:00,2024-08-20 10:50:00,6.024
451,2024-09-05 12:28:00,2024-09-05 13:18:00,6.021
353,2023-11-25 12:03:00,2023-11-25 12:17:00,5.952
105,2022-09-06 10:19:00,2022-09-06 14:09:00,5.939
371,2024-05-23 06:21:00,2024-05-23 07:08:00,5.89
664,2025-09-25 12:02:00,2025-09-25 13:44:00,5.709
194,2023-04-24 10:48:00,2023-04-24 11:17:00,5.676
736,2026-02-26 03:59:00,2026-02-26 04:57:00,5.605
618,2025-08-14 10:53:00,2025-08-14 12:36:00,5.598
605,2025-07-17 04:54:00,2025-07-17 06:19:00,5.592
286,2023-09-01 06:04:00,2023-09-01 07:07:00,5.58
392,2024-06-27 05:40:00,2024-06-27 06:18:00,5.497
280,2023-08-28 08:00:00,2023-08-28 08:15:00,5.477
174,2022-11-23 09:47:00,2022-11-23 11:44:00,5.376
655,2025-09-13 17:49:00,2025-09-13 18:18:00,5.342
527,2024-12-04 10:19:00,2024-12-04 11:23:00,5.312
542,2025-02-15 08:17:00,2025-02-15 08:52:00,5.26
644,2025-09-06 11:07:00,2025-09-06 11:43:00,5.183
301,2023-09-17 07:06:00,2023-09-17 07:23:00,5.135
284,2023-08-31 03:44:00,2023-08-31 03:56:00,5.121
509,2024-10-28 02:25:00,2024-10-28 04:36:00,5.098
349,2023-11-14 07:03:00,2023-11-14 07:27:00,5.098
155,2022-10-27 05:52:00,2022-10-27 09:23:00,5.062
504,2024-10-22 02:14:00,2024-10-22 02:37:00,5.052
86,2022-08-11 03:38:00,2022-08-11 04:41:00,5.038
770,2026-06-06 10:07:00,2026-06-06 10:33:00,5.031
265,2023-07-28 10:51:00,2023-07-28 11:53:00,5.031
670,2025-09-28 08:12:00,2025-09-28 09:36:00,5.027
549,2025-04-24 10:19:00,2025-04-24 10:52:00,5.005
410,2024-07-18 08:45:00,2024-07-18 10:20:00,4.989
443,2024-08-30 16:06:00,2024-08-30 19:02:00,4.978
634,2025-08-28 19:42:00,2025-08-28 20:01:00,4.965
526,2024-12-02 17:10:00,2024-12-02 17:34:00,4.941
514,2024-11-06 12:11:00,2024-11-06 14:04:00,4.928
257,2023-07-23 05:30:00,2023-07-23 06:54:00,4.921
282,2023-08-30 04:31:00,2023-08-30 04:42:00,4.912
609,2025-07-27 05:21:00,2025-07-27 05:31:00,4.905
394,2024-07-02 12:12:00,2024-07-02 14:45:00,4.898
601,2025-07-07 05:49:00,2025-07-07 06:12:00,4.875
478,2024-10-02 19:25:00,2024-10-02 20:38:00,4.871
583,2025-06-13 05:28:00,2025-06-13 07:29:00,4.834
537,2025-01-14 09:43:00,2025-01-14 11:39:00,4.83
198,2023-05-20 12:09:00,2023-05-20 12:41:00,4.809
521,2024-11-21 10:26:00,2024-11-21 10:47:00,4.785
599,2025-07-04 12:19:00,2025-07-04 12:28:00,4.761
686,2025-10-13 17:19:00,2025-10-13 20:24:00,4.757
654,2025-09-13 08:38:00,2025-09-13 10:06:00,4.739
633,2025-08-28 13:18:00,2025-08-28 15:09:00,4.68
166,2022-11-13 06:57:00,2022-11-13 08:57:00,4.673
747,2026-05-05 10:17:00,2026-05-05 11:34:00,4.657
677,2025-10-01 12:04:00,2025-10-01 13:28:00,4.632
240,2023-07-08 03:47:00,2023-07-08 04:01:00,4.6
596,2025-06-27 04:51:00,2025-06-27 05:34:00,4.599
117,2022-09-18 09:30:00,2022-09-18 10:02:00,4.591
638,2025-08-31 07:47:00,2025-08-31 09:50:00,4.545
261,2023-07-25 08:42:00,2023-07-25 08:54:00,4.545
245,2023-07-16 06:36:00,2023-07-16 06:47:00,4.538
503,2024-10-21 12:50:00,2024-10-21 16:24:00,4.534
523,2024-11-22 11:42:00,2024-11-22 12:06:00,4.501
388,2024-06-22 06:51:00,2024-06-22 07:09:00,4.422
456,2024-09-12 09:33:00,2024-09-12 12:00:00,4.404
543,2025-02-19 07:26:00,2025-02-19 08:03:00,4.395
176,2022-12-02 11:14:00,2022-12-02 11:19:00,4.357
643,2025-09-03 16:12:00,2025-09-03 16:37:00,4.352
463,2024-09-18 10:11:00,2024-09-18 10:34:00,4.346
580,2025-06-09 07:13:00,2025-06-09 07:52:00,4.29
130,2022-09-27 09:04:00,2022-09-27 11:19:00,4.283
564,2025-05-22 07:34:00,2025-05-22 09:11:00,4.238
725,2025-12-19 07:55:00,2025-12-19 08:22:00,4.22
683,2025-10-12 04:11:00,2025-10-12 04:52:00,4.203
149,2022-10-19 19:06:00,2022-10-19 21:16:00,4.166
663,2025-09-25 07:07:00,2025-09-25 07:35:00,4.128
653,2025-09-13 06:00:00,2025-09-13 06:30:00,4.117
726,2025-12-22 09:07:00,2025-12-22 09:33:00,4.116
720,2025-11-24 13:31:00,2025-11-24 14:03:00,4.104
459,2024-09-15 00:18:00,2024-09-15 00:37:00,4.096
291,2023-09-05 09:05:00,2023-09-05 09:49:00,4.073
710,2025-11-05 10:38:00,2025-11-05 11:04:00,4.053
104,2022-09-04 10:28:00,2022-09-04 10:55:00,4.009
193,2023-04-20 08:04:00,2023-04-20 08:35:00,3.976
619,2025-08-15 04:20:00,2025-08-15 04:41:00,3.957
507,2024-10-27 13:38:00,2024-10-27 14:31:00,3.945
562,2025-05-21 11:44:00,2025-05-21 13:25:00,3.936
661,2025-09-22 04:16:00,2025-09-22 06:43:00,3.877
657,2025-09-16 19:57:00,2025-09-16 20:15:00,3.867
590,2025-06-19 20:04:00,2025-06-19 22:17:00,3.803
114,2022-09-14 05:32:00,2022-09-14 06:18:00,3.785
89,2022-08-16 06:01:00,2022-08-16 06:23:00,3.772
506,2024-10-27 06:36:00,2024-10-27 06:52:00,3.768
359,2024-05-04 13:01:00,2024-05-04 13:13:00,3.764
251,2023-07-19 20:40:00,2023-07-19 21:56:00,3.707
308,2023-09-23 14:18:00,2023-09-23 15:53:00,3.69
312,2023-09-27 04:27:00,2023-09-27 06:12:00,3.689
203,2023-05-25 07:44:00,2023-05-25 07:52:00,3.669
162,2022-11-07 06:53:00,2022-11-07 07:26:00,3.663
248,2023-07-17 08:21:00,2023-07-17 10:11:00,3.655
109,2022-09-10 18:20:00,2022-09-10 18:50:00,3.625
285,2023-08-31 05:48:00,2023-08-31 06:44:00,3.611
329,2023-10-13 05:34:00,2023-10-13 06:25:00,3.594
667,2025-09-26 22:18:00,2025-09-26 22:44:00,3.529
772,2026-06-10 06:23:00,2026-06-10 06:42:00,3.524
684,2025-10-13 03:40:00,2025-10-13 04:49:00,3.456
344,2023-11-02 07:55:00,2023-11-02 08:30:00,3.427
276,2023-08-20 06:42:00,2023-08-20 08:39:00,3.419
135,2022-10-01 09:11:00,2022-10-01 10:59:00,3.414
296,2023-09-09 10:23:00,2023-09-09 14:20:00,3.386
733,2026-02-11 06:27:00,2026-02-11 06:42:00,3.36
614,2025-08-11 06:26:00,2025-08-11 08:19:00,3.343
269,2023-08-04 06:08:00,2023-08-04 06:48:00,3.314
685,2025-10-13 11:25:00,2025-10-13 11:51:00,3.309
211,2023-06-05 11:08:00,2023-06-05 12:07:00,3.288
177,2022-12-03 11:18:00,2022-12-03 12:51:00,3.26
739,2026-03-06 07:24:00,2026-03-06 08:32:00,3.255
477,2024-10-02 07:16:00,2024-10-02 07:47:00,3.234
749,2026-05-16 11:24:00,2026-05-16 13:09:00,3.218
175,2022-11-24 03:49:00,2022-11-24 04:05:00,3.206
94,2022-08-25 11:16:00,2022-08-25 12:48:00,3.128
70,2022-07-16 11:04:00,2022-07-16 11:33:00,3.103
403,2024-07-14 09:08:00,2024-07-14 09:26:00,3.073
187,2023-01-27 09:44:00,2023-01-27 10:18:00,3.069
49,2022-06-23 11:50:00,2022-06-23 13:52:00,3.063
689,2025-10-18 07:45:00,2025-10-18 08:06:00,3.036
489,2024-10-12 04:12:00,2024-10-12 05:01:00,3.033
764,2026-05-30 13:03:00,2026-05-30 13:21:00,3.03
576,2025-06-04 08:40:00,2025-06-04 09:00:00,3.022
557,2025-05-10 01:53:00,2025-05-10 03:18:00,3.021
651,2025-09-10 13:26:00,2025-09-10 14:40:00,3.017
690,2025-10-19 09:48:00,2025-10-19 10:13:00,3.003
399,2024-07-09 16:31:00,2024-07-09 17:40:00,2.985
356,2023-12-20 08:59:00,2023-12-20 09:08:00,2.974
645,2025-09-07 05:22:00,2025-09-07 06:14:00,2.959
577,2025-06-06 04:22:00,2025-06-06 04:36:00,2.947
363,2024-05-09 06:09:00,2024-05-09 06:45:00,2.925
337,2023-10-23 04:44:00,2023-10-23 05:11:00,2.921
511,2024-11-02 12:54:00,2024-11-02 13:00:00,2.887
416,2024-07-25 16:03:00,2024-07-25 16:17:00,2.886
320,2023-10-02 16:47:00,2023-10-02 17:39:00,2.823
515,2024-11-08 09:55:00,2024-11-08 10:07:00,2.785
546,2025-04-01 12:21:00,2025-04-01 13:13:00,2.771
154,2022-10-25 12:00:00,2022-10-25 12:20:00,2.752
335,2023-10-21 09:59:00,2023-10-21 10:05:00,2.731
551,2025-04-26 06:58:00,2025-04-26 07:13:00,2.671
98,2022-08-28 12:13:00,2022-08-28 12:23:00,2.669
84,2022-08-07 21:51:00,2022-08-07 22:10:00,2.669
152,2022-10-24 11:17:00,2022-10-24 11:25:00,2.662
316,2023-10-01 10:27:00,2023-10-01 13:01:00,2.657
592,2025-06-20 07:33:00,2025-06-20 08:13:00,2.617
258,2023-07-23 12:59:00,2023-07-23 13:13:00,2.616
688,2025-10-17 08:14:00,2025-10-17 08:23:00,2.571
746,2026-05-02 09:12:00,2026-05-02 09:40:00,2.505
159,2022-11-03 09:17:00,2022-11-03 09:56:00,2.479
563,2025-05-21 14:33:00,2025-05-21 16:19:00,2.468
163,2022-11-09 15:54:00,2022-11-09 16:04:00,2.465
222,2023-06-24 07:54:00,2023-06-24 08:13:00,2.464
331,2023-10-14 16:20:00,2023-10-14 16:41:00,2.463
417,2024-07-27 09:08:00,2024-07-27 10:28:00,2.457
334,2023-10-19 15:25:00,2023-10-19 15:58:00,2.455
718,2025-11-16 06:48:00,2025-11-16 07:32:00,2.429
398,2024-07-07 01:54:00,2024-07-07 02:22:00,2.353
252,2023-07-20 08:15:00,2023-07-20 08:25:00,2.35
80,2022-08-03 11:28:00,2022-08-03 14:32:00,2.334
263,2023-07-26 11:30:00,2023-07-26 11:55:00,2.327
754,2026-05-21 00:00:00,2026-05-21 00:17:00,2.279
321,2023-10-04 06:04:00,2023-10-04 06:21:00,2.231
522,2024-11-21 13:35:00,2024-11-21 13:59:00,2.226
481,2024-10-04 10:35:00,2024-10-04 11:18:00,2.223
453,2024-09-10 09:07:00,2024-09-10 10:35:00,2.213
173,2022-11-23 01:56:00,2022-11-23 02:58:00,2.199
106,2022-09-07 05:18:00,2022-09-07 05:36:00,2.188
540,2025-02-12 08:04:00,2025-02-12 08:21:00,2.149
587,2025-06-17 07:15:00,2025-06-17 07:57:00,2.135
435,2024-08-24 09:12:00,2024-08-24 09:44:00,2.101
375,2024-05-31 08:50:00,2024-05-31 09:48:00,2.073
624,2025-08-20 13:54:00,2025-08-20 14:26:00,2.054
606,2025-07-19 03:39:00,2025-07-19 04:17:00,2.041
131,2022-09-28 08:54:00,2022-09-28 09:58:00,1.987
665,2025-09-26 10:29:00,2025-09-26 12:07:00,1.986
51,2022-06-28 00:01:00,2022-06-28 01:15:00,1.951
423,2024-08-02 15:06:00,2024-08-02 15:33:00,1.946
108,2022-09-10 16:44:00,2022-09-10 17:11:00,1.907
672,2025-09-28 20:49:00,2025-09-28 21:32:00,1.898
630,2025-08-25 12:05:00,2025-08-25 13:10:00,1.878
120,2022-09-19 10:42:00,2022-09-19 11:00:00,1.876
768,2026-06-03 09:13:00,2026-06-03 09:29:00,1.853
205,2023-05-26 22:29:00,2023-05-26 22:39:00,1.853
72,2022-07-18 12:50:00,2022-07-18 13:18:00,1.839
756,2026-05-23 09:27:00,2026-05-23 10:10:00,1.833
455,2024-09-11 09:50:00,2024-09-11 10:30:00,1.831
55,2022-07-05 04:46:00,2022-07-05 05:54:00,1.827
168,2022-11-16 11:54:00,2022-11-16 12:01:00,1.825
656,2025-09-16 06:28:00,2025-09-16 07:07:00,1.821
61,2022-07-09 11:33:00,2022-07-09 12:24:00,1.812
215,2023-06-12 08:38:00,2023-06-12 09:30:00,1.799
420,2024-08-01 11:22:00,2024-08-01 12:24:00,1.797
362,2024-05-07 09:18:00,2024-05-07 09:37:00,1.782
279,2023-08-27 12:48:00,2023-08-27 14:44:00,1.781
277,2023-08-21 06:35:00,2023-08-21 06:43:00,1.776
454,2024-09-10 11:44:00,2024-09-10 12:39:00,1.761
628,2025-08-22 09:47:00,2025-08-22 10:54:00,1.755
767,2026-06-02 10:32:00,2026-06-02 12:16:00,1.74
714,2025-11-10 07:15:00,2025-11-10 07:32:00,1.737
127,2022-09-26 07:06:00,2022-09-26 07:14:00,1.726
142,2022-10-11 10:22:00,2022-10-11 10:28:00,1.705
381,2024-06-15 14:26:00,2024-06-15 14:33:00,1.69
702,2025-10-27 06:47:00,2025-10-27 06:53:00,1.673
355,2023-12-02 15:55:00,2023-12-02 17:50:00,1.634
441,2024-08-28 19:23:00,2024-08-28 19:56:00,1.634
188,2023-02-18 13:34:00,2023-02-18 14:04:00,1.624
71,2022-07-17 09:07:00,2022-07-17 09:41:00,1.62
189,2023-04-09 19:35:00,2023-04-09 19:56:00,1.615
231,2023-06-30 12:13:00,2023-06-30 13:55:00,1.611
141,2022-10-11 07:28:00,2022-10-11 08:45:00,1.61
750,2026-05-17 09:00:00,2026-05-17 09:17:00,1.605
611,2025-08-03 11:29:00,2025-08-03 12:03:00,1.586
761,2026-05-29 19:50:00,2026-05-29 19:59:00,1.586
340,2023-10-27 07:37:00,2023-10-27 07:52:00,1.575
412,2024-07-22 05:40:00,2024-07-22 06:23:00,1.529
565,2025-05-23 06:43:00,2025-05-23 08:12:00,1.52
573,2025-06-02 07:11:00,2025-06-02 08:13:00,1.514
288,2023-09-03 04:30:00,2023-09-03 04:59:00,1.508
223,2023-06-24 12:55:00,2023-06-24 13:45:00,1.504
53,2022-07-01 08:03:00,2022-07-01 08:14:00,1.491
45,2022-06-20 12:42:00,2022-06-20 14:09:00,1.49
717,2025-11-13 06:43:00,2025-11-13 06:55:00,1.483
161,2022-11-04 08:01:00,2022-11-04 08:53:00,1.482
39,2022-06-17 06:44:00,2022-06-17 07:08:00,1.48
615,2025-08-11 14:23:00,2025-08-11 15:40:00,1.479
659,2025-09-21 15:50:00,2025-09-21 17:18:00,1.479
475,2024-09-30 11:37:00,2024-09-30 11:44:00,1.475
233,2023-07-01 07:22:00,2023-07-01 07:57:00,1.459
65,2022-07-11 13:44:00,2022-07-11 14:58:00,1.455
208,2023-05-28 06:50:00,2023-05-28 07:08:00,1.451
287,2023-09-02 04:33:00,2023-09-02 04:39:00,1.446
757,2026-05-25 10:19:00,2026-05-25 11:08:00,1.446
119,2022-09-19 09:23:00,2022-09-19 09:33:00,1.445
262,2023-07-26 09:12:00,2023-07-26 09:26:00,1.443
102,2022-08-31 12:41:00,2022-08-31 13:43:00,1.438
54,2022-07-03 03:46:00,2022-07-03 04:14:00,1.436
496,2024-10-17 04:57:00,2024-10-17 05:41:00,1.427
58,2022-07-08 07:58:00,2022-07-08 08:17:00,1.425
143,2022-10-13 23:22:00,2022-10-13 23:31:00,1.418
330,2023-10-14 12:41:00,2023-10-14 12:59:00,1.416
295,2023-09-09 04:36:00,2023-09-09 05:48:00,1.41
627,2025-08-21 13:37:00,2025-08-21 14:18:00,1.409
307,2023-09-23 04:01:00,2023-09-23 04:11:00,1.405
547,2025-04-17 18:14:00,2025-04-17 18:33:00,1.402
525,2024-12-02 10:14:00,2024-12-02 11:27:00,1.395
674,2025-09-29 09:08:00,2025-09-29 09:46:00,1.374
474,2024-09-28 10:33:00,2024-09-28 10:47:00,1.371
524,2024-12-02 08:07:00,2024-12-02 08:24:00,1.364
517,2024-11-11 10:16:00,2024-11-11 10:27:00,1.348
486,2024-10-08 14:49:00,2024-10-08 15:08:00,1.346
723,2025-12-05 15:07:00,2025-12-05 15:19:00,1.339
242,2023-07-13 11:06:00,2023-07-13 12:11:00,1.316
461,2024-09-17 10:09:00,2024-09-17 10:38:00,1.313
735,2026-02-26 02:00:00,2026-02-26 02:37:00,1.305
640,2025-09-01 13:47:00,2025-09-01 14:44:00,1.282
111,2022-09-11 13:24:00,2022-09-11 13:33:00,1.278
123,2022-09-22 05:31:00,2022-09-22 05:59:00,1.269
164,2022-11-10 09:06:00,2022-11-10 09:12:00,1.265
289,2023-09-03 06:56:00,2023-09-03 07:14:00,1.234
529,2024-12-06 22:10:00,2024-12-06 23:25:00,1.232
751,2026-05-18 07:24:00,2026-05-18 07:43:00,1.231
351,2023-11-20 21:19:00,2023-11-20 22:02:00,1.229
67,2022-07-12 08:31:00,2022-07-12 09:05:00,1.213
292,2023-09-07 04:16:00,2023-09-07 05:37:00,1.21
452,2024-09-07 10:34:00,2024-09-07 10:51:00,1.201
254,2023-07-22 05:01:00,2023-07-22 05:21:00,1.19
50,2022-06-27 08:28:00,2022-06-27 08:40:00,1.186
567,2025-05-24 07:54:00,2025-05-24 08:34:00,1.186
264,2023-07-27 03:46:00,2023-07-27 04:49:00,1.178
490,2024-10-12 06:08:00,2024-10-12 06:15:00,1.175
378,2024-06-08 09:59:00,2024-06-08 10:11:00,1.16
238,2023-07-06 07:31:00,2023-07-06 08:02:00,1.154
737,2026-02-26 08:10:00,2026-02-26 08:47:00,1.15
738,2026-02-26 11:43:00,2026-02-26 11:57:00,1.137
610,2025-07-28 01:15:00,2025-07-28 01:54:00,1.123
497,2024-10-17 08:48:00,2024-10-17 09:35:00,1.122
56,2022-07-06 07:23:00,2022-07-06 07:46:00,1.12
110,2022-09-10 20:13:00,2022-09-10 21:08:00,1.119
290,2023-09-04 21:53:00,2023-09-04 22:34:00,1.113
144,2022-10-18 13:56:00,2022-10-18 14:31:00,1.109
169,2022-11-17 07:42:00,2022-11-17 08:03:00,1.095
156,2022-10-27 10:57:00,2022-10-27 12:39:00,1.083
241,2023-07-08 05:34:00,2023-07-08 05:51:00,1.069
639,2025-09-01 11:27:00,2025-09-01 12:37:00,1.067
357,2023-12-28 06:17:00,2023-12-28 08:21:00,1.065
762,2026-05-29 21:06:00,2026-05-29 21:14:00,1.065
775,2026-06-13 06:31:00,2026-06-13 06:38:00,1.061
479,2024-10-03 04:21:00,2024-10-03 04:47:00,1.032
389,2024-06-22 11:03:00,2024-06-22 11:45:00,1.03
433,2024-08-15 07:50:00,2024-08-15 08:00:00,1.025
232,2023-07-01 05:37:00,2023-07-01 05:47:00,1.023
544,2025-03-17 14:51:00,2025-03-17 14:59:00,1.016
191,2023-04-14 20:42:00,2023-04-14 20:54:00,1.009
259,2023-07-24 03:46:00,2023-07-24 04:13:00,1.005
408,2024-07-17 02:36:00,2024-07-17 03:55:00,1.003
275,2023-08-18 13:16:00,2023-08-18 13:54:00,0.99
404,2024-07-14 11:08:00,2024-07-14 11:24:00,0.989
157,2022-10-29 08:33:00,2022-10-29 08:47:00,0.987
666,2025-09-26 16:43:00,2025-09-26 18:54:00,0.987
512,2024-11-03 08:25:00,2024-11-03 08:40:00,0.972
444,2024-08-31 06:56:00,2024-08-31 07:09:00,0.953
406,2024-07-16 10:12:00,2024-07-16 10:43:00,0.952
41,2022-06-18 12:23:00,2022-06-18 13:31:00,0.928
397,2024-07-03 18:50:00,2024-07-03 19:57:00,0.927
753,2026-05-18 16:22:00,2026-05-18 16:32:00,0.924
64,2022-07-10 10:37:00,2022-07-10 10:54:00,0.902
283,2023-08-30 09:17:00,2023-08-30 09:35:00,0.88
204,2023-05-26 03:33:00,2023-05-26 04:16:00,0.872
112,2022-09-11 18:51:00,2022-09-11 20:06:00,0.868
214,2023-06-10 05:59:00,2023-06-10 06:06:00,0.867
760,2026-05-29 05:06:00,2026-05-29 05:11:00,0.856
179,2022-12-10 07:31:00,2022-12-10 07:54:00,0.849
728,2025-12-25 07:00:00,2025-12-25 08:16:00,0.839
705,2025-10-30 17:24:00,2025-10-30 17:32:00,0.825
366,2024-05-19 13:26:00,2024-05-19 13:39:00,0.815
734,2026-02-11 08:26:00,2026-02-11 08:35:00,0.814
133,2022-09-29 01:05:00,2022-09-29 01:34:00,0.811
510,2024-10-28 19:14:00,2024-10-28 20:01:00,0.805
190,2023-04-10 09:07:00,2023-04-10 09:13:00,0.805
249,2023-07-19 08:50:00,2023-07-19 08:55:00,0.794
558,2025-05-11 12:58:00,2025-05-11 13:15:00,0.787
495,2024-10-15 16:37:00,2024-10-15 18:12:00,0.787
59,2022-07-08 14:08:00,2022-07-08 15:35:00,0.784
468,2024-09-21 21:54:00,2024-09-21 22:07:00,0.78
613,2025-08-10 11:20:00,2025-08-10 11:34:00,0.779
107,2022-09-09 17:02:00,2022-09-09 18:07:00,0.758
698,2025-10-24 11:59:00,2025-10-24 12:26:00,0.754
629,2025-08-24 08:28:00,2025-08-24 09:31:00,0.75
561,2025-05-19 04:50:00,2025-05-19 04:56:00,0.748
469,2024-09-22 00:00:00,2024-09-22 00:34:00,0.744
678,2025-10-02 17:56:00,2025-10-02 18:16:00,0.743
234,2023-07-01 10:13:00,2023-07-01 10:51:00,0.742
729,2025-12-25 12:17:00,2025-12-25 12:23:00,0.74
354,2023-11-26 15:09:00,2023-11-26 15:16:00,0.736
93,2022-08-24 09:14:00,2022-08-24 09:39:00,0.733
339,2023-10-27 06:06:00,2023-10-27 06:12:00,0.731
246,2023-07-16 08:30:00,2023-07-16 09:06:00,0.73
43,2022-06-19 10:03:00,2022-06-19 10:58:00,0.726
483,2024-10-07 05:30:00,2024-10-07 05:44:00,0.724
414,2024-07-25 07:25:00,2024-07-25 07:30:00,0.722
730,2026-01-05 10:13:00,2026-01-05 10:28:00,0.716
621,2025-08-16 05:08:00,2025-08-16 05:17:00,0.708
115,2022-09-16 06:01:00,2022-09-16 06:20:00,0.707
319,2023-10-02 11:59:00,2023-10-02 12:06:00,0.702
597,2025-07-03 11:19:00,2025-07-03 12:06:00,0.692
774,2026-06-12 12:44:00,2026-06-12 14:23:00,0.687
578,2025-06-06 12:24:00,2025-06-06 12:51:00,0.687
732,2026-01-06 10:43:00,2026-01-06 11:18:00,0.686
298,2023-09-12 15:05:00,2023-09-12 15:36:00,0.682
604,2025-07-16 05:15:00,2025-07-16 05:24:00,0.68
136,2022-10-05 05:07:00,2022-10-05 05:15:00,0.679
574,2025-06-02 10:40:00,2025-06-02 10:52:00,0.678
219,2023-06-16 12:31:00,2023-06-16 12:53:00,0.677
741,2026-03-07 07:57:00,2026-03-07 08:45:00,0.667
213,2023-06-06 09:20:00,2023-06-06 09:27:00,0.664
482,2024-10-06 07:50:00,2024-10-06 07:58:00,0.66
776,2026-06-13 13:23:00,2026-06-13 13:40:00,0.657
415,2024-07-25 11:45:00,2024-07-25 11:50:00,0.649
647,2025-09-07 08:54:00,2025-09-07 09:35:00,0.644
560,2025-05-12 10:15:00,2025-05-12 10:37:00,0.639
348,2023-11-06 08:19:00,2023-11-06 08:34:00,0.639
428,2024-08-06 02:35:00,2024-08-06 02:46:00,0.638
69,2022-07-15 07:03:00,2022-07-15 08:13:00,0.627
128,2022-09-26 10:34:00,2022-09-26 10:44:00,0.625
673,2025-09-29 04:42:00,2025-09-29 04:48:00,0.625
637,2025-08-30 09:25:00,2025-08-30 09:42:00,0.623
642,2025-09-03 13:13:00,2025-09-03 13:19:00,0.621
38,2022-06-16 22:10:00,2022-06-16 22:25:00,0.616
346,2023-11-03 08:14:00,2023-11-03 08:21:00,0.61
147,2022-10-19 09:42:00,2022-10-19 09:52:00,0.609
405,2024-07-15 15:21:00,2024-07-15 16:45:00,0.608
620,2025-08-15 09:08:00,2025-08-15 10:11:00,0.604
465,2024-09-21 00:14:00,2024-09-21 00:30:00,0.601
545,2025-03-30 10:07:00,2025-03-30 10:13:00,0.601
172,2022-11-22 12:06:00,2022-11-22 12:25:00,0.596
202,2023-05-23 10:34:00,2023-05-23 10:42:00,0.588
755,2026-05-21 03:34:00,2026-05-21 03:42:00,0.583
439,2024-08-28 07:07:00,2024-08-28 07:34:00,0.581
603,2025-07-14 07:06:00,2025-07-14 07:19:00,0.559
90,2022-08-19 13:54:00,2022-08-19 14:06:00,0.555
421,2024-08-01 13:44:00,2024-08-01 14:03:00,0.555
752,2026-05-18 10:47:00,2026-05-18 10:55:00,0.554
498,2024-10-18 07:17:00,2024-10-18 07:27:00,0.553
571,2025-05-31 08:24:00,2025-05-31 08:49:00,0.552
137,2022-10-06 06:02:00,2022-10-06 06:19:00,0.549
182,2023-01-08 19:53:00,2023-01-08 19:59:00,0.547
722,2025-12-04 00:52:00,2025-12-04 01:25:00,0.547
350,2023-11-16 07:58:00,2023-11-16 08:21:00,0.544
409,2024-07-17 07:26:00,2024-07-17 07:44:00,0.533
82,2022-08-05 14:51:00,2022-08-05 15:42:00,0.531
552,2025-04-26 15:06:00,2025-04-26 15:24:00,0.524
471,2024-09-22 08:51:00,2024-09-22 09:06:00,0.502
274,2023-08-18 05:48:00,2023-08-18 05:57:00,0.495
585,2025-06-16 10:47:00,2025-06-16 10:58:00,0.494
267,2023-07-31 14:13:00,2023-07-31 14:45:00,0.487
180,2022-12-15 10:22:00,2022-12-15 10:30:00,0.487
129,2022-09-26 13:26:00,2022-09-26 13:47:00,0.486
92,2022-08-22 11:54:00,2022-08-22 12:37:00,0.48
250,2023-07-19 11:06:00,2023-07-19 11:21:00,0.478
492,2024-10-13 12:21:00,2024-10-13 12:38:00,0.457
748,2026-05-09 01:50:00,2026-05-09 01:57:00,0.441
646,2025-09-07 07:29:00,2025-09-07 07:48:00,0.436
376,2024-06-07 04:45:00,2024-06-07 05:01:00,0.434
771,2026-06-08 06:36:00,2026-06-08 07:09:00,0.431
742,2026-03-10 14:13:00,2026-03-10 15:08:00,0.423
598,2025-07-04 10:55:00,2025-07-04 11:15:00,0.417
317,2023-10-02 00:00:00,2023-10-02 00:07:00,0.416
300,2023-09-16 05:16:00,2023-09-16 05:24:00,0.411
704,2025-10-28 18:31:00,2025-10-28 18:56:00,0.401
77,2022-07-31 11:25:00,2022-07-31 11:32:00,0.393
407,2024-07-16 14:13:00,2024-07-16 14:22:00,0.389
212,2023-06-05 13:37:00,2023-06-05 13:51:00,0.389
377,2024-06-07 06:12:00,2024-06-07 06:28:00,0.389
626,2025-08-21 03:12:00,2025-08-21 03:44:00,0.386
185,2023-01-10 05:02:00,2023-01-10 05:16:00,0.385
216,2023-06-12 12:36:00,2023-06-12 13:00:00,0.382
91,2022-08-21 10:03:00,2022-08-21 10:12:00,0.364
715,2025-11-10 19:43:00,2025-11-10 19:50:00,0.363
502,2024-10-20 18:41:00,2024-10-20 18:56:00,0.361
572,2025-06-01 14:51:00,2025-06-01 15:13:00,0.355
218,2023-06-15 08:27:00,2023-06-15 08:33:00,0.354
100,2022-08-31 06:48:00,2022-08-31 06:54:00,0.353
68,2022-07-13 16:22:00,2022-07-13 16:27:00,0.347
63,2022-07-10 07:51:00,2022-07-10 07:58:00,0.346
440,2024-08-28 10:51:00,2024-08-28 11:19:00,0.345
427,2024-08-05 11:16:00,2024-08-05 11:27:00,0.343
402,2024-07-13 17:25:00,2024-07-13 17:32:00,0.342
531,2024-12-13 08:28:00,2024-12-13 08:35:00,0.335
206,2023-05-27 00:00:00,2023-05-27 00:06:00,0.32
401,2024-07-11 04:54:00,2024-07-11 05:12:00,0.319
536,2025-01-03 08:33:00,2025-01-03 08:38:00,0.317
400,2024-07-09 19:49:00,2024-07-09 20:12:00,0.313
260,2023-07-25 07:18:00,2023-07-25 07:30:00,0.31
256,2023-07-22 12:39:00,2023-07-22 13:07:00,0.307
118,2022-09-18 12:48:00,2022-09-18 13:02:00,0.305
744,2026-03-15 07:23:00,2026-03-15 07:36:00,0.291
239,2023-07-08 00:07:00,2023-07-08 00:17:00,0.291
322,2023-10-05 04:41:00,2023-10-05 04:51:00,0.29
636,2025-08-29 20:34:00,2025-08-29 21:58:00,0.29
226,2023-06-27 13:36:00,2023-06-27 13:44:00,0.284
360,2024-05-05 12:45:00,2024-05-05 12:51:00,0.283
297,2023-09-11 02:35:00,2023-09-11 02:46:00,0.272
593,2025-06-25 05:06:00,2025-06-25 05:12:00,0.261
373,2024-05-30 10:49:00,2024-05-30 11:20:00,0.26
430,2024-08-09 14:50:00,2024-08-09 14:55:00,0.255
220,2023-06-17 09:58:00,2023-06-17 10:06:00,0.254
40,2022-06-17 09:27:00,2022-06-17 10:01:00,0.247
270,2023-08-13 08:33:00,2023-08-13 08:38:00,0.238
390,2024-06-23 08:51:00,2024-06-23 08:58:00,0.23
255,2023-07-22 10:29:00,2023-07-22 10:35:00,0.216
379,2024-06-08 12:59:00,2024-06-08 13:36:00,0.199
758,2026-05-28 13:27:00,2026-05-28 13:35:00,0.198
765,2026-06-02 04:30:00,2026-06-02 04:35:00,0.196
589,2025-06-19 11:31:00,2025-06-19 11:45:00,0.195
499,2024-10-18 08:35:00,2024-10-18 08:40:00,0.195
66,2022-07-12 07:07:00,2022-07-12 07:12:00,0.192
333,2023-10-19 04:44:00,2023-10-19 05:04:00,0.181
691,2025-10-19 11:15:00,2025-10-19 11:22:00,0.177
594,2025-06-25 09:40:00,2025-06-25 09:47:00,0.176
769,2026-06-04 09:58:00,2026-06-04 10:06:00,0.176
268,2023-08-02 10:18:00,2023-08-02 10:23:00,0.169
384,2024-06-18 13:01:00,2024-06-18 13:09:00,0.163
671,2025-09-28 11:09:00,2025-09-28 11:16:00,0.162
528,2024-12-04 21:35:00,2024-12-04 21:44:00,0.161
675,2025-09-30 03:19:00,2025-09-30 03:27:00,0.159
616,2025-08-11 19:00:00,2025-08-11 19:07:00,0.151
229,2023-06-29 11:27:00,2023-06-29 11:41:00,0.144
438,2024-08-26 14:06:00,2024-08-26 14:19:00,0.142
480,2024-10-03 08:48:00,2024-10-03 08:56:00,0.141
200,2023-05-21 08:04:00,2023-05-21 08:12:00,0.14
467,2024-09-21 13:42:00,2024-09-21 13:51:00,0.14
553,2025-05-07 06:32:00,2025-05-07 06:37:00,0.137
306,2023-09-22 08:48:00,2023-09-22 08:53:00,0.135
711,2025-11-07 06:40:00,2025-11-07 06:48:00,0.129
328,2023-10-12 12:24:00,2023-10-12 12:35:00,0.128
73,2022-07-18 14:30:00,2022-07-18 14:35:00,0.126
660,2025-09-22 02:47:00,2025-09-22 02:52:00,0.125
446,2024-09-01 07:20:00,2024-09-01 07:27:00,0.122
472,2024-09-23 06:13:00,2024-09-23 06:19:00,0.121
740,2026-03-06 11:01:00,2026-03-06 11:06:00,0.121
470,2024-09-22 04:57:00,2024-09-22 05:06:00,0.113
759,2026-05-29 02:37:00,2026-05-29 02:47:00,0.098